{
    "handler": "Microsoft.Compute.MultiVm",
    "version": "0.0.1-preview",
    "parameters": {
        "basics": [
            {
                "name": "vmName",
                "type": "Microsoft.Common.TextBox",
                "label": "VM Name",
                "toolTip": "The name of the new VM instance.",
                "constraints": {
                    "required": true,
                    "regex": "^[a-zA-Z0-9]{3,24}$",
                    "validationMessage": "VM names must be between 3 and 24 characters long, and can contain only numbers and letters."
                }
            },
            {
                "name": "password",
                "type": "Microsoft.Common.PasswordBox",
                "label": {
                    "password": "Password",
                    "confirmPassword": "Confirm password"
                },
                "toolTip": "Password for admin user",
                "constraints": {
                    "required": true,
                    "regex": "^(?:(?=.*[a-z])(?:(?=.*[A-Z])(?=.*[\\d\\W])|(?=.*\\W)(?=.*\\d))|(?=.*\\W)(?=.*[A-Z])(?=.*\\d)).{12,72}$",
                    "validationMessage": "Your password should be at least 12 characters long and have at least 3 of the following: 1 lower case character, 1 upper case character, 1 number and 1 special character"
                },
                "options": {
                    "hideConfirmation": false
                }
            }
        ],
        "steps": [
            {
                "name": "instanceDetails",
                "label": "Instance Details",
                "subLabel": {
                    "preValidation": "Configure Instance Details",
                    "postValidation": "Done"
                },
                "bladeTitle": "Instance Details",
                "elements": [
                    {
                        "name": "license",
                        "type": "Microsoft.Common.OptionsGroup",
                        "label": "License Type",
                        "defaultValue": "BYOL",
                        "toolTip": "Choose to either pay hourly (PAYG) or buy a license from Sophos (BYOL)",
                        "constraints": {
                            "allowedValues": [
                                {
                                    "label": "BYOL",
                                    "value": "byol"
                                },
                                {
                                    "label": "PAYG",
                                    "value": "payg"
                                }
                            ]
                        }
                    },
                    {
                        "name": "vmSize",
                        "type": "Microsoft.Compute.SizeSelector",
                        "label": "Virtual machine size",
                        "toolTip": "The size of VM to provision.",
                        "recommendedSizes": [
                            "Standard_D2",
                            "Standard_D2_v2",
                            "Standard_A3",
                            "Standard_F8",
                            "Standard_F16"
                        ],
                        "constraints": {
                            "allowedSizes": [
                                "Standard_D2",
                                "Standard_D2_v2",
                                "Standard_A3",
                                "Standard_F8",
                                "Standard_F16",
                                "Standard_A7",
                                "Standard_D4",
                                "Standard_D4_v2"
                            ]
                        },
                        "osPlatform": "Linux",
                        "imageReference": {
                            "publisher": "sophos",
                            "offer": "sophos-xg",
                            "sku": "[steps('instanceDetails').license]"
                        },
                        "count": "1"
                    },
                    {
                        "name": "vnetSpec",
                        "type": "Microsoft.Network.VirtualNetworkCombo",
                        "label": {
                            "virtualNetwork": "Virtual Network",
                            "subnets": "Subnets"
                        },
                        "toolTip": {
                            "virtualNetwork": "Virtual Network the instance will be placed in.",
                            "subnets": "Subnet definitons for WAN and LAN zone."
                        },
                        "defaultValue": {
                            "name": "VNET",
                            "addressPrefixSize": "/16"
                        },
                        "constraints": {
                            "minAddressPrefixSize": "/29"
                        },
                        "subnets": {
                            "subnet1": {
                                "label": "WAN subnet",
                                "defaultValue": {
                                    "name": "WAN",
                                    "addressPrefixSize": "/24"
                                },
                                "constraints": {
                                    "minAddressPrefixSize": "/29",
                                    "minAddressCount": 1,
                                    "requireContiguousAddresses": true
                                }
                            },
                            "subnet2": {
                                "label": "LAN subnet",
                                "defaultValue": {
                                    "name": "LAN",
                                    "addressPrefixSize": "/24"
                                },
                                "constraints": {
                                    "minAddressPrefixSize": "/29",
                                    "minAddressCount": 4,
                                    "requireContiguousAddresses": true
                                }
                            }
                        }
                    },
                    {
                        "name": "domainSpec",
                        "type": "Microsoft.Network.PublicIpAddressCombo",
                        "label": {
                            "publicIpAddress": "Public IP name",
                            "domainNameLabel": "Domain name"
                        },
                        "toolTip": {
                            "publicIpAddress": "Name of Public IP.",
                            "domainNameLabel": "Your instance will be accessible from this domain"
                        },
                        "defaultValue": {
                            "publicIpAddressName": "PublicIP",
                            "domainNameLabel": ""
                        },
                        "constraints": {
                            "required": {
                                "domainNameLabel": true
                            }
                        },
                        "options": {
                            "hideNone": true,
                            "hideDomainNameLabel": false
                        }
                    },
                    {
                        "name": "storageSpec",
                        "type": "Microsoft.Storage.StorageAccountSelector",
                        "label": "Storage Account",
                        "toolTip": "Storage account to be used for disk blobs and diagnostics.",
                        "defaultValue": {
                            "type": "Standard_LRS"
                        },
                        "constraints": {
                            "allowedTypes": [
                                "Standard_LRS",
                                "Standard_GRS"
                            ]
                        }
                    }
                ]
            }
        ],
        "outputs": {
            "vmName": "[basics('vmName')]",
            "adminPassword": "[basics('password')]",
            "vmSize": "[steps('instanceDetails').vmSize]",
            "netNewOrExisting": "[steps('instanceDetails').vnetSpec.newOrExisting]",
            "netRG": "[steps('instanceDetails').vnetSpec.resourceGroup]",
            "netName": "[steps('instanceDetails').vnetSpec.name]",
            "netPrefix": "[steps('instanceDetails').vnetSpec.addressPrefix]",
            "wanName": "[steps('instanceDetails').vnetSpec.subnets.subnet1.name]",
            "wanPrefix": "[steps('instanceDetails').vnetSpec.subnets.subnet1.addressPrefix]",
            "lanName": "[steps('instanceDetails').vnetSpec.subnets.subnet2.name]",
            "lanPrefix": "[steps('instanceDetails').vnetSpec.subnets.subnet2.addressPrefix]",
            "storageNewOrExisting": "[steps('instanceDetails').storageSpec.newOrExisting]",
            "storageRG": "[steps('instanceDetails').storageSpec.resourceGroup]",
            "storageName": "[steps('instanceDetails').storageSpec.name]",
            "storageType": "[steps('instanceDetails').storageSpec.type]",
            "imageSku": "[steps('instanceDetails').license]",
            "publicIpDNS": "[steps('instanceDetails').domainSpec.domainNameLabel]",
            "publicIpName": "[steps('instanceDetails').domainSpec.name]",
            "publicIpNewOrExisting": "[steps('instanceDetails').domainSpec.newOrExistingOrNone]",
            "publicIpRG": "[steps('instanceDetails').domainSpec.resourceGroup]",
            "location": "[location()]"
        }
    }
}
