{
    "$schema": "https://schema.management.azure.com/schemas/2015-01-01/deploymentTemplate.json#",
    "contentVersion": "1.0.0.0",
    "parameters": {
        "availabilitySetName": {
            "type": "string"
        }
    },
    "resources": [
        {
            "type": "Microsoft.Compute/availabilitySets",
            "name": "[parameters('availabilitySetName')]",
            "apiVersion": "2017-03-30",
            "location": "[resourceGroup().location]",
            "properties": {
                "platformFaultDomainCount": 3
            },
            "sku": {
                "name": "Aligned"
            }
        }
    ],
    "outputs": {
        "availabilitySetId": {
            "type": "string",
            "value": "[resourceId('Microsoft.Compute/availabilitySets',parameters('availabilitySetName'))]"
        }
    }
}
