{
    "$schema": "https://schema.management.azure.com/schemas/2015-01-01/deploymentTemplate.json#",
    "contentVersion": "1.0.0.0",
    "parameters": {
        "networkSecurityGroupName": {
            "type": "string"
        },
        "trustedNetwork": {
            "type": "string"
        }
    },
    "resources": [
        {
            "apiVersion": "2016-06-01",
            "type": "Microsoft.Network/networkSecurityGroups/securityRules",
            "name": "[concat(parameters('networkSecurityGroupName'),'/allow_http')]",
            "location": "[resourceGroup().location]",
            "properties": {
                "protocol": "tcp",
                "sourcePortRange": "*",
                "destinationPortRange": "80",
                "sourceAddressPrefix": "[parameters('trustedNetwork')]",
                "destinationAddressPrefix": "*",
                "access": "Allow",
                "priority": 103,
                "direction": "Inbound"
            }
        }
    ]
}
