{
    "$schema": "https://schema.management.azure.com/schemas/2015-01-01/deploymentTemplate.json#",
    "contentVersion": "1.0.0.0",
    "parameters": {
        "interfaceName": {
            "type": "string"
        },
        "subnetRef": {
            "type": "string"
        }
    },
    "resources": [
        {
            "apiVersion": "2016-03-30",
            "type": "Microsoft.Network/networkInterfaces",
            "name": "[parameters('interfaceName')]",
            "location": "[resourceGroup().location]",
            "properties": {
                "ipConfigurations": [
                    {
                        "name": "ipconfig",
                        "properties": {
                            "privateIPAllocationMethod": "Dynamic",
                            "subnet": {
                                "id": "[parameters('subnetRef')]"
                            }
                        }
                    }
                ],
                "enableIPForwarding": true
            }
        }
    ],
    "outputs": {
        "interfaceRef": {
            "value": "[resourceId('Microsoft.Network/networkInterfaces',parameters('interfaceName'))]",
            "type": "string"
        }
    }
}
