{
    "$schema": "https://schema.management.azure.com/schemas/2015-01-01/deploymentTemplate.json#",
    "contentVersion": "1.0.0.0",
    "parameters": {
        "networkSecurityGroupName": {
            "type": "string"
        },
        "trustedNetwork": {
            "type": "string"
        }
    },
    "resources": [

    ],
    "outputs": {
        "networkSecurityGroupName": {
            "type": "string",
            "value": "[resourceId('Microsoft.Compute/networkSecurityGroups',parameters('networkSecurityGroupName'))]"
        }
    }
}
