{
    "$schema": "https://schema.management.azure.com/schemas/2015-01-01/deploymentTemplate.json#",
    "contentVersion": "1.0.0.0",
    "parameters": {
        "publicIPAddressName": {
            "type": "string"
        },
        "publicIPAddressType": {
            "type": "string"
        },
        "dnsPrefix": {
            "type": "string"
        },
        "publicIpRGName": {
            "type": "string"
        }
    },
    "resources": [
        {
            "apiVersion": "2016-06-01",
            "type": "Microsoft.Network/publicIPAddresses",
            "name": "[parameters('publicIPAddressName')]",
            "location": "[resourceGroup().location]",
            "properties": {
                "publicIPAllocationMethod": "[parameters('publicIPAddressType')]",
                "dnsSettings": {
                    "domainNameLabel": "[parameters('dnsPrefix')]"
                }
            }
        }
    ],
    "outputs": {
        "publicIpId": {
            "value": "[resourceId(concat('Microsoft.Network','/','publicIPAddresses'),parameters('publicIPAddressName'))]",
            "type": "string"
        },
        "fqdn": {
            "value": "[reference(resourceId('Microsoft.Network/publicIPAddresses',parameters('publicIPAddressName')),'2016-06-01').dnsSettings.fqdn]",
            "type": "string"
        }
    }
}
