{
    "$schema": "https://schema.management.azure.com/schemas/2015-01-01/deploymentTemplate.json#",
    "contentVersion": "1.0.0.0",
    "parameters": {
        "storageAccountName": {
            "type": "string",
            "metadata": {
                "Description": "The name of the new storage account created to store the VMs disks"
            }
        },
        "storageAccountType": {
            "type": "string",
            "metadata": {
                "Description": "The type of the Storage Account created"
            },
            "defaultValue": "Standard_LRS"
        },
        "storageAccountExistingRG": {
            "type": "string",
            "metadata": {
                "Description": "Resource Group Name of the existing Storage Account"
            }
        }
    },
    "resources": [

    ],
    "outputs": {
        "storageAccountId": {
            "value": "[resourceId(parameters('storageAccountExistingRG'),'Microsoft.Storage/StorageAccounts',parameters('storageAccountName'))]",
            "type": "string"
        },
        "storageAccountEndpoint": {
            "value": "[reference(resourceId(parameters('storageAccountExistingRG'), 'Microsoft.Storage/storageAccounts/', parameters('storageAccountName')), '2016-01-01').primaryEndpoints.blob]",
            "type": "string"
        }
    }
}
