{
    "$schema": "https://schema.management.azure.com/schemas/2015-01-01/deploymentTemplate.json#",
    "contentVersion": "1.0.0.0",
    "parameters": {
        "vmName": {
            "type": "string"
        },
        "vmSize": {
            "type": "string"
        },
        "adminPassword": {
            "type": "string"
        },
        "imageSku": {
            "type": "string"
        },
        "availabilitySetId": {
            "type": "string"
        },
        "storageAccountEndpoint": {
            "type": "string"
        },
        "interfaceRefWan": {
            "type": "string"
        },
        "interfaceRefLan": {
            "type": "string"
        },
        "devFwBlobUrlPrefix": {
            "type": "string"
        }
    },
    "variables": {
        "imagePublisher": "sophos",
        "imageOffer": "sophos-xg",
        "adminUsername": "azureuser",
        "sshKeyPath": "[concat('/home/',variables('adminUsername'),'/.ssh/authorized_keys')]",
        "vhdContainer": "vhds"
    },
    "resources": [
        {
            "apiVersion": "2017-03-30",
            "type": "Microsoft.Compute/virtualMachines",
            "name": "[parameters('vmName')]",
            "plan": {
                "publisher": "[variables('imagePublisher')]",
                "product": "[variables('imageOffer')]",
                "name": "[parameters('imageSku')]"
            },
            "location": "[resourceGroup().location]",
            "properties": {
                "availabilitySet": {
                    "id": "[parameters('availabilitySetId')]"
                },
                "hardwareProfile": {
                    "vmSize": "[parameters('vmSize')]"
                },
                "osProfile": {
                    "computerName": "[parameters('vmName')]",
                    "adminUsername": "[variables('adminUsername')]",
                    "adminPassword": "[parameters('adminPassword')]"
                },
                "storageProfile": {
                    "imageReference": {
                        "publisher": "[variables('imagePublisher')]",
                        "offer": "[variables('imageOffer')]",
                        "sku": "[parameters('imageSku')]",
                        "version": "latest"
                    },
                    "dataDisks": [
                        {
                            "name": "[concat(parameters('vmName'),'-dataDisk')]",
                            "lun": 0,
                            "createOption": "FromImage",
                            "vhd": {
                                "uri": "[concat(parameters('storageAccountEndpoint'), variables('vhdContainer'),'/',parameters('vmName'),'-aux.vhd')]"
                            }
                        }
                    ],
                    "osDisk": {
                        "name": "[concat(parameters('vmName'),'-osDisk')]",
                        "caching": "ReadWrite",
                        "createOption": "FromImage",
                        "vhd": {
                            "uri": "[concat(parameters('storageAccountEndpoint'), variables('vhdContainer'),'/',parameters('vmName'),'-prim.vhd')]"
                        }
                    }
                },
                "networkProfile": {
                    "networkInterfaces": [
                        {
                            "id": "[parameters('interfaceRefWan')]",
                            "properties": {
                                "primary": true
                            }
                        },
                        {
                            "id": "[parameters('interfaceRefLan')]",
                            "properties": {
                                "primary": false
                            }
                        }
                    ]
                },
                "diagnosticsProfile": {
                    "bootDiagnostics": {
                        "enabled": "true",
                        "storageUri": "[parameters('storageAccountEndpoint')]"
                    }
                }
            }
        }
    ]
}
